{"pythia": {"name": "Pythia-1.0B", "consistency": 100.0, "entropy": 2.45, "perplexity": 11.590000000000002, "latency": 7.990287351608276, "visual_data": null}, "opt": {"name": "OPT-1.3B", "consistency": 100.0, "entropy": 2.45, "perplexity": 11.590000000000002, "latency": 11.419116719563801, "visual_data": null}, "original": {"name": "TinyLlama (Original)", "consistency": 100.0, "entropy": 0.0014752996154129504, "perplexity": 1.0014765205540015, "latency": 1.138158671061198, "visual_data": [["", 0.9995965361595154], [" ", 0.00012415691162459552], ["   ", 6.982501508900896e-05], ["       ", 3.9980022847885266e-05], ["\r", 2.300049709447194e-05]]}, "modified": {"name": "TinyLlama (Modified)", "consistency": 100.0, "entropy": 0.00012146728986408561, "perplexity": 1.000121475716258, "latency": 1.1606901327768961, "visual_data": [["", 0.9999700784683228], [" ", 1.3112024134898093e-05], ["   ", 6.385866981872823e-06], ["       ", 3.180605062880204e-06], ["\r", 1.5935934243316296e-06]]}}